id,name,datetime,department_id,job_id
1,Marcelo Gonzalez,2021-01-15T10:00:00Z,1,2
2,Lidia Mendez,2021-01-20T14:30:00Z,1,3
3,Sofia Martinez,2021-02-10T09:00:00Z,2,1
4,Carlos Rodriguez,2021-02-25T11:30:00Z,3,4
5,Ana Silva,2021-03-05T13:45:00Z,4,2
6,Diego Fernandez,2021-03-18T15:00:00Z,5,5
7,Maria Lopez,2021-04-02T08:30:00Z,1,4
8,Juan Perez,2021-04-15T10:15:00Z,2,3
9,Laura Garcia,2021-05-10T12:00:00Z,3,2
10,Pedro Sanchez,2021-05-22T14:20:00Z,4,6
11,Carmen Ruiz,2021-06-08T09:30:00Z,5,1
12,Roberto Diaz,2021-06-20T11:45:00Z,6,7
13,Isabel Moreno,2021-07-05T13:00:00Z,1,3
14,Francisco Jimenez,2021-07-18T15:30:00Z,2,4
15,Elena Alvarez,2021-08-02T08:00:00Z,3,5
16,Antonio Romero,2021-08-15T10:20:00Z,4,2
17,Beatriz Torres,2021-09-10T12:45:00Z,5,6
18,Manuel Navarro,2021-09-25T14:00:00Z,6,8
19,Rosa Dominguez,2021-10-05T09:15:00Z,1,1
20,Javier Gil,2021-10-20T11:30:00Z,2,3
21,Patricia Serrano,2021-11-08T13:45:00Z,3,4
22,Miguel Blanco,2021-11-22T15:00:00Z,4,5
23,Lucia Castro,2021-12-01T08:30:00Z,5,2
24,Alberto Ortiz,2021-12-15T10:45:00Z,6,7
25,Cristina Marin,2021-01-25T12:00:00Z,7,8
26,Fernando Santos,2021-02-28T14:15:00Z,8,9
27,Dolores Iglesias,2021-03-30T16:30:00Z,9,10
28,Rafael Medina,2021-04-25T09:00:00Z,10,1
29,Pilar Castillo,2021-05-30T11:15:00Z,1,2
30,Sergio Garrido,2021-06-25T13:30:00Z,2,3 